Alta_Lake,CAMPING
Alta_Lake,BEACH
Alta_Lake,BIRD
Alta_Lake,BALL
Alta_Lake,BOATING
Alta_Lake,BOATING_NM
Alta_Lake,FISHING
Alta_Lake,INTERP
Alta_Lake,SCUBA
Alta_Lake,SWIM
Alta_Lake,WSKIING
Alta_Lake,PLAYGROUND
Alta_Lake,HIKING
Alta_Lake,BIKING
Alta_Lake,HORSE
Alta_Lake,CCSKINING
Alta_Lake,SNOWMOBILE
Anderson_Lake,BIRD
Anderson_Lake,BOATING_NM
Anderson_Lake,HIKING
Anderson_Lake,BIKING
Anderson_Lake,HORSE
Anderson_Lake,VTOUR
Battle_Ground_Lake,CAMPING
Battle_Ground_Lake,BIRD
Battle_Ground_Lake,BALL
Battle_Ground_Lake,BOATING_NM
Battle_Ground_Lake,FISHING
Battle_Ground_Lake,SWIMMING
Battle_Ground_Lake,PLAYGROUND
Battle_Ground_Lake,BIKING
Battle_Ground_Lake,HORSE
Bay_View,CAMPING
Bay_View,BEACH
Bay_View,BIRD
Bay_View,BOATING
Bay_View,FISHING
Bay_View,SWIMMING
Bay_View,WSKIING
Beacon_Rock,CAMPING
Beacon_Rock,BIRD
Beacon_Rock,BOATING
Beacon_Rock,FISHING
Beacon_Rock,WSKIING
Beacon_Rock,PLAYGROUND
Beacon_Rock,HIKING
Beacon_Rock,BIKING
Beacon_Rock,HORSE
Beacon_Rock,VTOUR
Belfair,CAMPING
Belfair,BEACH
Belfair,BIRD
Belfair,BALL
Belfair,BOATING
Belfair,FISHING
Belfair,SWIMMING
Belfair,PLAYGROUND
Belfair,VTOUR
Birch_Bay,CAMPING
Birch_Bay,BEACH
Birch_Bay,BIRD
Birch_Bay,BOATING
Birch_Bay,FISHING
Birch_Bay,SCUBA
Birch_Bay,SWIMMING
Birch_Bay,WSKIING
Birch_Bay,HIKING
Blake_Island,CAMPING
Blake_Island,BEACH
Blake_Island,BIRD
Blake_Island,BOATING
Blake_Island,FISHING
Blake_Island,SCUBA
Blake_Island,SWIMMING
Blake_Island,PLAYGROUND
Blake_Island,HIKING
Blake_Island,BIKING
Blind_Island,CAMPING
Blind_Island,BEACH
Blind_Island,BIRD
Blind_Island,BOATING
Blind_Island,FISHING
Blind_Island,SCUBA
Blind_Island,FISHING
Blind_Island,SCUBA
Blind_Island,SWIMMING
Blind_Island,WSKIING
Bogachiel,CAMPING
Bogachiel,BEACH
Bogachiel,BIRD
Bogechiel,FISHING
Bogachiel,SWIMMING
Bogachiel,HIKING
Bogachiel,BIKING
Bottle_Beach,BIRD
Bottle_Beach,HIKING
Bottle_Beach,VTOUR
Bridgeport,CAMPING
Bridgeport,BIRD
Bridgeport,BOATING
Bridgeport,FISHING
Bridgeport,SCUBA
Bridgeport,SWIMMING
Bridgeport,WSKIING
Bridgeport,PLAYGROUND
Bridgeport,HIKING
Bridle_Trails,HIKING
Bridle_Trails,HORSE
Brooks_Memorial,CAMPING
Brooks_Memorial,BIRD
Brooks_Memorial,BALL
Brooks_Memorial,FISHING
Brooks_Memorial,HIKING
Brooks_Memorial,BIKING
Brooks_Memorial,CCSKIING
Cama_Beach,CAMOING
Cama_Beach,BEACH
Cama_Beach,BIRD
Cama_Beach,BOATING
Cama_Beach,PLAYGROUND
Cama_Beach,HIKING
Camano_Island,CAMPING
Camano_Island,BEACH
Camano_Island,BIRD
Camano_Island,BOATING
Camano_Island,SCUBA
Camano_Island,SWIMMING
Camano_Island,HIKING
Camano_Island,BIKING
Camp_Wooten_ELC,CAMPING
Camp_Wooten_ELC,BOATING_NM
Camp_Wooten_ELC,SWIMMING
Camp_Wooten_ELC,HIKING
Camp_Disappointment,CAMPING
Camp_Disappointment,BEACH
Camp_Disappointment,BIRD
Camp_Disappointment,BOATING
Camp_Disappointment,FISHING
Camp_Disappointment,INTERP
Camp_Disappointment,HIKING
Camp_Disappointment,BIKING
Camp_Disappointment,VTOUR
Centenial_Trail,BIRD
Centenial_Trail,FISHING
Centenial_Trail,HIKING
Centenial_Trail,BIKING
Centenial_Trail,HORSE
Centenial_Trail,BIRD
Centenial_Trail,FISHING
Centenial_Trail,HIKING
Centenial_Trail,BIKING
Centenial_Trail,HORSE
Centenial_Trail,CCSKIING
Clark_Island,CAMPING
Clark_Island,BEACH
Clark_Island,BIRD
Clark_Island,BOATING
Clark_Island,FISHING
Clark_Island,SCUBA
Clark_Island,SWIMMING
Clark_Island,WSKIING
Clark_Island,HIKING
Columbia_Hills,CAMPING
Columbia_Hills,BEACH
Columbia_Hills,BIRD
Columbia_Hills,BOATING
Columbia_Hills,FISHING
Columbia_Hills,INTERP
Columbia_Hills,SCUBA
Columbia_Hills,SWIMMING
Columbia_Hills,WSKIING
Columbia_Hills,PLAYGROUND
Columbia_Hills,HIKING
Columbia_Plateau_Trail,BIRD
Columbia_Plateau_Trail,BIKING
Columbia_Plateau_Trail,HORSE
Conconully,CAMPING
Conconully,BEACH
Conconully,BIRD
Conconully,BALL
Conconully,BOATING
Conconully,FISHING
Conconully,INTERP
Conconully,SWIMMING
Conconully,WSKIING
Conconully,PLAYGROUND
Conconully,HIKING
Conconully,CCSKIING
Conconully,SNOWMOBILE
Crawford,HIKING
Crawford,VTOUR
Curlew_Lake,CAMPING
Curlew_Lake,BIRD
Curlew_Lake,BOATING
Curlew_Lake,FISHING
Curlew_Lake,HIKING
Cutts_Island,BEACH
Cutts_Island,BIRD
Cutts_Island,BOATING
Cutts_Island,FISHING
Cutts_Island,SCUBA
Cutts_Island,SWIMMING
Cutts_Island,HIKING
Damon_Point,BEACH
Damon_Point,BIRD
Damon_Point,FISHING
Damon_Point,SWIMMING
Damon_POint,HIKING