Alta_Lake, camping
Alta_Lake,  beach exploration
Alta_Lake,  bird watching
Alta_Lake,  ball fields
Alta_Lake,  boating
Alta_Lake,  boating (non-motorized only)
Alta_Lake,  fishing or shellfish
Alta_Lake,  interpretative center/museum
Alta_Lake,  scuba diving
Alta_Lake,  swimming
Alta_Lake,  water-skiing
Alta_Lake,  playground equipment
Alta_Lake,  hiking
Alta_Lake,  mountain biking
Alta_Lake,  equestrian
Alta_Lake,  cross-country skiing
Alta_Lake,  snowmobiling.
Anderson_Lake, bird watching
Anderson_Lake,  boating (non-motorized only)
Anderson_Lake,  hiking
Anderson_Lake,  mountain biking
Anderson_Lake,  equestrian
Anderson_Lake, virtual tour
Battle_Ground_Lake, camping
Battle_Ground_Lake,  bird watching
Battle_Ground_Lake,  ball fields
Battle_Ground_Lake,  boating (non-motorized only)
Battle_Ground_Lake,  fishing or shellfish
Battle_Ground_Lake,  swimming
Battle_Ground_Lake,  playground equipment
Battle_Ground_Lake,  hiking
Battle_Ground_Lake,  mountain biking
Battle_Ground_Lake,  equestrian
Bay_View, camping
Bay_View,  beach exploration
Bay_View,  bird watching
Bay_View,  boating
Bay_View,  fishing or shellfish
Bay_View,  swimming
Bay_View,  water-skiing
Beacon_Rock, camping
Beacon_Rock,  bird watching
Beacon_Rock,  boating
Beacon_Rock,  fishing or shellfish
Beacon_Rock,  water-skiing
Beacon_Rock,  playground equipment
Beacon_Rock,  hiking
Beacon_Rock,  mountain biking
Beacon_Rock,  equestrian
Beacon_Rock, virtual tour
Belfair, camping
Belfair,  beach exploration
Belfair,  bird watching
Belfair,  ball fields
Belfair,  boating
Belfair,  fishing or shellfish
Belfair,  swimming
Belfair,  playground equipment
Belfair, virtual tour
Birch_Bay, camping
Birch_Bay,  beach exploration
Birch_Bay,  bird watching
Birch_Bay,  boating
Birch_Bay,  fishing or shellfish
Birch_Bay,  scuba diving
Birch_Bay,  swimming
Birch_Bay,  water-skiing
Birch_Bay,  hiking
Blake_Island, camping
Blake_Island,  beach exploration
Blake_Island,  bird watching
Blake_Island,  boating
Blake_Island,  fishing or shellfish
Blake_Island,  scuba diving
Blake_Island,  swimming
Blake_Island,  playground equipment
Blake_Island,  hiking
Blake_Island,  mountain biking
Blind_Island, camping
Blind_Island,  beach exploration
Blind_Island,  bird watching
Blind_Island,  boating
Blind_Island,  fishing or shellfish
Blind_Island,  scuba diving
Blind_Island,  swimming
Blind_Island,  water-skiing
Bogachiel, camping
Bogachiel,  beach exploration
Bogachiel,  bird watching
Bogachiel,  fishing or shellfish
Bogachiel,  swimming
Bogachiel,   hiking
Bogachiel,  mountain biking
Bottle_Beach, bird watching
Bottle_Beach,  hiking
Bottle_Beach, virtual tour
Bridgeport, camping
Bridgeport,  bird watching
Bridgeport,  boating
Bridgeport,  fishing or shellfish
Bridgeport,   scuba diving
Bridgeport,  swimming
Bridgeport,  water-skiing
Bridgeport,  playground equipment
Bridgeport,  hiking
Bridle_Trails,  hiking
Bridle_Trails,  equestrian
Brooks_Memorial, camping
Brooks_Memorial,  bird watching
Brooks_Memorial,  ball fields
Brooks_Memorial,  fishing or shellfish
Brooks_Memorial,   hiking
Brooks_Memorial,  mountain biking
Brooks_Memorial,  cross-country skiing
Cama_Beach, camping
Cama_Beach,  beach exploration
Cama_Beach,  bird watching
Cama_Beach,  boating
Cama_Beach,  playground equipment
Cama_Beach,  hiking
Camano_Island, camping
Camano_Island,  beach exploration
Camano_Island,  bird watching
Camano_Island,  boating
Camano_Island,  fishing or shellfish
Camano_Island,  scuba diving
Camano_Island,  swimming
Camano_Island,  hiking
Camano_Island,  mountain biking
Camp_Wooten_ELC, swimming
Cape_Disappointment, camping
Cape_Disappointment,  beach exploration
Cape_Disappointment,  bird watching
Cape_Disappointment,  boating
Cape_Disappointment,  fishing or shellfish
Cape_Disappointment,  interpretative center/museum
Cape_Disappointment,  hiking
Cape_Disappointment,  mountain biking
Cape_Disappointment, virtual tour
Centennial_Trail, bird watching
Centennial_Trail,  fishing or shellfish
Centennial_Trail,  hiking
Centennial_Trail,  mountain biking
Centennial_Trail,  equestrian
Centennial_Trail,  cross-country skiing
Clark_Island, camping
Clark_Island,  beach exploration
Clark_Island,  bird watching
Clark_Island,  boating
Clark_Island,  fishing or shellfish
Clark_Island,  scuba diving
Clark_Island,  swimming
Clark_Island,  water-skiing
Clark_Island,  hiking
Columbia_Hills, camping
Columbia_Hills,  beach exploration
Columbia_Hills,  bird watching
Columbia_Hills,  boating
Columbia_Hills,   fishing or shellfish
Columbia_Hills,  interpretative center/museum
Columbia_Hills,  scuba diving
Columbia_Hills,  swimming
Columbia_Hills,  water-skiing
Columbia_Hills,  playground equipment
Columbia_Hills,  hiking
Columbia_Plateau_Trail,  bird watching
Columbia_Plateau_Trail,  mountain biking
Columbia_Plateau_Trail,  equestrian
Conconully, camping
Conconully,  beach exploration
Conconully,  bird watching
Conconully,  ball fields
Conconully,  boating
Conconully,  fishing or shellfish
Conconully,  interpretative center/museum
Conconully,  swimming
Conconully,  water-skiing
Conconully,  playground equipment
Conconully,  hiking
Conconully,  cross-country skiing
Conconully,  snowmobiling
Crawford, hiking
Crawford, virtual tour
Curlew_Lake, camping
Curlew_Lake,  bird watching
Curlew_Lake,  boating
Curlew_Lake,  fishing or shellfish
Curlew_Lake,  hiking
Cutts_Island, beach exploration
Cutts_Island,  bird watching
Cutts_Island,  boating
Cutts_Island,  fishing or shellfish
Cutts_Island,  scuba diving
Cutts_Island,  swimming
Cutts_Island,  hiking
Damon_Point, beach exploration
Damon_Point,  bird watching
Damon_Point,  fishing or shellfish
Damon_Point,   swimming
Damon_Point,  hiking
Daroga, camping
Daroga,  beach exploration
Daroga,  bird watching
Daroga,  ball fields
Daroga,  boatin
Daroga,  fishing or shellfish
Daroga,  swimming
Daroga,  water-skiing
Daroga,  playground equipment
Daroga,  hiking
Dash_Point, camping
Dash_Point,  beach exploration
Dash_Point,  bird watching
Dash_Point,  boating (non-motorized only)
Dash_Point,  fishing or shellfish
Dash_Point,  scuba diving
Dash_Point,  swimming
Dash_Point,  hiking
Dash_Point,  mountain biking
Deception_Pass, camping
Deception_Pass,  beach exploration
Deception_Pass,  bird watching
Deception_Pass,  boating
Deception_Pass,  boating (non-motorized only)
Deception_Pass,  fishing or shellfish
Deception_Pass,  interpretative center/museum
Deception_Pass,  scuba diving
Deception_Pass,  swimming
Deception_Pass,  water-skiing
Deception_Pass,  playground equipment
Deception_Pass,  hiking
Deception_Pass,  mountain biking
Deception_Pass,  equestrian
Deception_Pass, virtual tour
Dosewallips, camping
Dosewallips,  beach exploration
Dosewallips,  bird watching
Dosewallips,  fishing or shellfish
Dosewallips,  hiking
Doug_Beach, bird watching
Doug_Beach,  fishing or shellfish
Doug_Beach,  swimming
Eagle_Island, beach exploration
Eagle_Island,  bird watching
Eagle_Island,  fishing or shellfish
Federation_Forest, bird watching
Federation_Forest,  interpretative center/museum
Federation_Forest,  hiking
Fields_Spring, camping
Fields_Spring,  bird watching
Fields_Spring,  hiking
Fields_Spring,  mountain biking
Fields_Spring,  cross-country skiing
Flaming_Geyser, bird watching
Flaming_Geyser,  boating (non-motorized only)
Flaming_Geyser,  fishing or shellfish
Flaming_Geyser,  playground equipment
Flaming_Geyser,  hiking
Flaming_Geyser,  mountain biking
Flaming_Geyser,  equestrian
Flaming_Geyser, virtual tour
Fort_Casey, camping
Fort_Casey,  beach exploration
Fort_Casey,  bird watching
Fort_Casey,  ball fields
Fort_Casey,  boating
Fort_Casey,  fishing or shellfish
Fort_Casey,  interpretative center/museum
Fort_Casey,  scuba diving
Fort_Casey,  hiking
Fort_Casey,  mountain biking
Fort_Casey, virtual tour
Fort_Columbia, beach exploration
Fort_Columbia,  fishing or shellfish
Fort_Columbia,  hiking
Fort_Columbia, virtual tour
Fort_Ebey, camping
Fort_Ebey,  beach exploration
Fort_Ebey,  bird watching
Fort_Ebey,  fishing or shellfish
Fort_Ebey,  hiking
Fort_Ebey,  mountain biking
Fort_Flagler, camping
Fort_Flagler,  beach exploration
Fort_Flagler,  bird watching
Fort_Flagler,  ball fields
Fort_Flagler,  boating
Fort_Flagler,  fishing or shellfish
Fort_Flagler,  interpretative center/museum
Fort_Flagler,  scuba diving
Fort_Flagler,  swimming
Fort_Flagler,  water-skiing
Fort_Flagler,  playground equipment
Fort_Flagler,  hiking
Fort_Flagler, virtual tour
Fort_Okanogan, bird watching
Fort_Okanogan,  interpretative center/museum
Fort_Okanogan,  hiking
Fort_Simcoe, bird watching
Fort_Simcoe,  interpretative center/museum
Fort_Simcoe,  playground equipment
Fort_Simcoe,  hiking
Fort_Simcoe, virtual tour
Fort_Townsend, camping
Fort_Townsend,  beach exploration
Fort_Townsend,  bird watching
Fort_Townsend,  ball fields
Fort_Townsend,  boating
Fort_Townsend,  fishing or shellfish
Fort_Townsend,  scuba diving
Fort_Townsend,  hiking
Fort_Townsend,  mountain biking
Fort_Townsend,  virtual tour
Fort_Worden, camping
Fort_Worden,  beach exploration
Fort_Worden,  bird watching
Fort_Worden,  ball fields
Fort_Worden,  boating
Fort_Worden,  fishing or shellfish
Fort_Worden,  interpretative center/museum
Fort_Worden,  scuba diving
Fort_Worden,  swimming
Fort_Worden,  water-skiing
Fort_Worden,  hiking
Fort_Worden,  mountain biking
Fort_Worden, virtual tour
Ginkgo_Petrified_Forest, bird watching
Ginkgo_Petrified_Forest,  interpretative center/museum
Ginkgo_Petrified_Forest,  hiking
Ginkgo_Petrified_Forest, virtual tour
Goldendale_Observatory, interpretative center/museum
Grayland_Beach, camping
Grayland_Beach,  beach exploration
Grayland_Beach,  bird watching
Grayland_Beach,  fishing or shellfish
Grayland_Beach,  playground equipment
Grayland_Beach,  equestrian
Griffin_Bay, camping
Griffin_Bay,  beach exploration
Griffin_Bay,  bird watching
Griffin_Bay,  boating
Griffin_Bay,   fishing or shellfish
Griffin_Bay,   swimming
Griffiths-Priday, beach exploration
Griffiths-Priday,  bird watching
Griffiths-Priday,  fishing or shellfish
Griffiths-Priday,   hiking
Griffiths-Priday, virtual tour
Hope_Island_(Mason), camping
Hope_Island_(Mason),  beach exploration
Hope_Island_(Mason),  bird watching
Hope_Island_(Mason),  ball fields
Hope_Island_(Mason),  boating
Hope_Island_(Mason),  fishing or shellfish
Hope_Island_(Mason),   swimming
Hope_Island_(Mason),  hiking
Hope_Island_(Mason), virtual tour
Hope_Island_(Skagit), camping
Hope_Island_(Skagit),  beach exploration
Hope_Island_(Skagit),  bird watching
Hope_Island_(Skagit),  ball fields
Hope_Island_(Skagit),  boating
Hope_Island_(Skagit),  fishing or shellfish
Hope_Island_(Skagit),  swimming
Hope_Island_(Skagit),  hiking
Hope_Island_(Skagit), virtual tour
Ike_Kinswa, camping
Ike_Kinswa,  bird watching
Ike_Kinswa,  boating
Ike_Kinswa,  fishing or shellfish
Ike_Kinswa,  swimming
Ike_Kinswa,  water-skiing
Ike_Kinswa,  playground equipment
Ike_Kinswa,  hiking
Ike_Kinswa,  mountain biking
Ike_Kinswa, virtual tour
Illahee, camping
Illahee,  beach exploration
Illahee,  bird watching
Illahee,  ball fields
Illahee,  boating
Illahee,  fishing or shellfish
Illahee,  scuba diving
Illahee,  swimming
Illahee,  water-skiing
Illahee,  playground equipment
Illahee,  hiking
Iron_Horse, bird watching
Iron_Horse,  hiking
Iron_Horse,  mountain biking
Iron_Horse,  equestrian
Iron_Horse,  cross-country skiing
Iron_Horse, virtual tour
James_Island, camping
James_Island,  beach exploration
James_Island,  bird watching
James_Island,  boating
James_Island,  fishing or shellfish
James_Island,  scuba diving
James_Island,  swimming
James_Island,  water-skiing
James_Island,  hiking
Jarrell_Cove, camping
Jarrell_Cove,  beach exploration
Jarrell_Cove,  bird watching
Jarrell_Cove,  boating
Jarrell_Cove,  fishing or shellfish
Jarrell_Cove,  scuba diving
Jarrell_Cove,  swimming
Jarrell_Cove,  water-skiing
Jarrell_Cove,  hiking
Joemma_Beach, camping
Joemma_Beach,  beach exploration
Joemma_Beach,  bird watching
Joemma_Beach,  boating
Joemma_Beach,  fishing or shellfish
Joemma_Beach,  scuba diving
Joemma_Beach,  swimming
Joemma_Beach,  water-skiing
Joemma_Beach,  hiking
Jones_Island, camping
Jones_Island,  beach exploration
Jones_Island,  bird watching
Jones_Island,  boating
Jones_Island,   fishing or shellfish
Jones_Island,  scuba diving
Jones_Island,  swimming
Jones_Island,  hiking
Joseph_Whidbey, beach exploration
Joseph_Whidbey,  bird watching
Joseph_Whidbey,  fishing or shellfish
Joseph_Whidbey,   hiking
Joseph_Whidbey,  mountain biking
Joseph_Whidbey, virtual tour
Kanaskat-Palmer, camping
Kanaskat-Palmer,  beach exploration
Kanaskat-Palmer,  bird watching
Kanaskat-Palmer,  boating (non-motorized only)
Kanaskat-Palmer,  fishing or shellfish
Kanaskat-Palmer,  swimming
Kanaskat-Palmer,   hiking
Kanaskat-Palmer,  mountain biking
Kinney_Point, camping
Kinney_Point,  beach exploration
Kinney_Point,  bird watching
Kinney_Point,  boating
Kinney_Point,  fishing or shellfish
Kinney_Point,   scuba diving
Kinney_Point,  swimming
Kitsap_Memorial, camping
Kitsap_Memorial,  beach exploration
Kitsap_Memorial,  bird watching
Kitsap_Memorial,  ball fields
Kitsap_Memorial,  boating
Kitsap_Memorial,  fishing or shellfish
Kitsap_Memorial,  scuba diving
Kitsap_Memorial,  swimming
Kitsap_Memorial,  water-skiing
Kitsap_Memorial,  playground equipment
Kitsap_Memorial,  hiking
Kopachuck, camping
Kopachuck,  beach exploration
Kopachuck,  bird watching
Kopachuck,  boating
Kopachuck,  fishing or shellfish
Kopachuck,  scuba diving
Kopachuck,  swimming
Kopachuck,  water-skiing
Kopachuck,  playground equipment
Kopachuck,  hiking
Lake_Chelan, camping
Lake_Chelan,  beach exploration
Lake_Chelan,  bird watching
Lake_Chelan,  ball fields
Lake_Chelan,  boating
Lake_Chelan,  fishing or shellfish
Lake_Chelan,  scuba diving
Lake_Chelan,  swimming
Lake_Chelan,  water-skiing
Lake_Chelan,  playground equipment
Lake_Chelan,  hiking
Lake_Chelan,  cross-country skiing
Lake_Easton, camping
Lake_Easton,  bird watching
Lake_Easton,  boating (non-motorized only)
Lake_Easton,  fishing or shellfish
Lake_Easton,  swimming
Lake_Easton,  playground equipment
Lake_Easton,  hiking
Lake_Easton,  mountain biking
Lake_Easton,  cross-country skiing
Lake_Easton,  snowmobiling
Lake_Easton, virtual tour
Lake_Sammamish, beach exploration
Lake_Sammamish,  bird watching
Lake_Sammamish,  ball fields
Lake_Sammamish,  boating
Lake_Sammamish,  fishing or shellfish
Lake_Sammamish,  scuba diving
Lake_Sammamish,  swimming
Lake_Sammamish,  water-skiing
Lake_Sammamish,  playground equipment
Lake_Sammamish,  hiking
Lake_Sammamish,  mountain biking
Lake_Sylvia, camping
Lake_Sylvia,  bird watching
Lake_Sylvia,  boating (non-motorized only)
Lake_Sylvia,  fishing or shellfish
Lake_Sylvia,  swimming
Lake_Sylvia,  water-skiing
Lake_Sylvia,   hiking
Lake_Sylvia, virtual tour
Lake_Wenatchee, camping
Lake_Wenatchee,  beach exploration
Lake_Wenatchee,  bird watching
Lake_Wenatchee,  boating
Lake_Wenatchee,  fishing or shellfish
Lake_Wenatchee,  swimming
Lake_Wenatchee,  water-skiing
Lake_Wenatchee,  playground equipment
Lake_Wenatchee,  hiking
Lake_Wenatchee,  mountain biking
Lake_Wenatchee,  equestrian
Lake_Wenatchee,  cross-country skiing
Larrabee, camping
Larrabee,  beach exploration
Larrabee,  bird watching
Larrabee,  boating
Larrabee,  fishing or shellfish
Larrabee,  scuba diving
Larrabee,  swimming
Larrabee,  water-skiing
Larrabee,  playground equipment
Larrabee,  hiking
Larrabee,  mountain biking
Larrabee,  equestrian
Leadbetter_Point, beach exploration
Leadbetter_Point,  bird watching
Leadbetter_Point,  boating (non-motorized only)
Leadbetter_Point,  fishing or shellfish
Leadbetter_Point,  hiking
Lewis_Clark, camping
Lewis_Clark,  bird watching
Lewis_Clark,  ball fields
Lewis_Clark,  playground equipment
Lewis_Clark,  hiking
Lewis_Clark,  mountain biking
Lewis_Clark,  equestrian
Lewis_Clark_Trail, camping
Lewis_Clark_Trail,  beach exploration
Lewis_Clark_Trail,  bird watching
Lewis_Clark_Trail,  ball fields
Lewis_Clark_Trail,  boating (non-motorized only)
Lewis_Clark_Trail,  fishing or shellfish
Lewis_Clark_Trail,  swimming
Lewis_Clark_Trail,  playground equipment
Lewis_Clark_Trail,  hiking
Lime_Kiln_Point, bird watching
Lime_Kiln_Point,  interpretative center/museum
Lime_Kiln_Point,  scuba diving
Lime_Kiln_Point,  hiking
Lincoln_Rock, camping
Lincoln_Rock,  beach exploration
Lincoln_Rock,  bird watching
Lincoln_Rock,  ball fields
Lincoln_Rock,  boating (non-motorized only)
Lincoln_Rock,  scuba diving
Lincoln_Rock,  swimming
Lincoln_Rock,  playground equipment
Lincoln_Rock,  hiking
Manchester, camping
Manchester,  beach exploration
Manchester,  bird watching
Manchester,  boating
Manchester,  fishing or shellfish
Manchester,  scuba diving
Manchester,  swimming
Manchester,  hiking
Maryhill, camping
Maryhill,  bird watching
Maryhill,  boating
Maryhill,  fishing or shellfish
Maryhill,  scuba diving
Maryhill,  swimming
Maryhill,  water-skiing
Maryhill,  hiking
Matia_Island, camping
Matia_Island,  beach exploration
Matia_Island,  bird watching
Matia_Island,  boating
Matia_Island,  fishing or shellfish
Matia_Island,  scuba diving
Matia_Island,  swimming
Matia_Island,  water-skiing
Matia_Island,  hiking
McMicken_Island, beach exploration
McMicken_Island,  bird watching
McMicken_Island,  boating
McMicken_Island,  fishing or shellfish
McMicken_Island,  scuba diving
McMicken_Island,  swimming
McMicken_Island,  water-skiing
McMicken_Island,   hiking
Millersylvania, camping
Millersylvania,  bird watching
Millersylvania,  boating
Millersylvania,  fishing or shellfish
Millersylvania,  scuba diving
Millersylvania,  swimming
Millersylvania,  hiking
Moran, camping
Moran,  bird watching
Moran,  boating (non-motorized only)
Moran,  fishing or shellfish
Moran,  swimming
Moran,  playground equipment
Moran,  hiking
Moran,  mountain biking
Mount_Pilchuck, bird watching
Mount_Pilchuck,  hiking
Mount_Spokane, camping
Mount_Spokane,  bird watching
Mount_Spokane,  hiking
Mount_Spokane,  mountain biking
Mount_Spokane,  equestrian
Mount_Spokane,  cross-country skiing
Mount_Spokane,  snowmobiling
Mount_Spokane, virtual tour
Mystery_Bay, beach exploration
Mystery_Bay,  bird watching
Mystery_Bay,  boating
Mystery_Bay,   fishing or shellfish
Mystery_Bay,  swimming
Mystery_Bay, virtual tour
Nine_Mile, camping
Nine_Mile,  bird watching
Nine_Mile,  boating
Nine_Mile,  fishing or shellfish
Nine_Mile,  swimming
Nine_Mile,  water-skiing
Nine_Mile,  hiking
Nine_Mile,  mountain biking
Nine_Mile,  equestrian
Nolte, bird watching
Nolte,  boating (non-motorized only)
Nolte,  fishing or shellfish
Nolte,  swimming
Nolte,  playground equipment
Nolte,  hiking
Nolte, virtual tour
Ocean_City, camping
Ocean_City,  beach exploration
Ocean_City,  bird watching
Ocean_City,  boating
Ocean_City,  fishing or shellfish
Ocean_City,  scuba diving
Ocean_City,  swimming
Ocean_City,  water-skiing
Ocean_City,  playground equipment
Ocean_City,  hiking
Ocean_City, virtual tour
Olallie, beach exploration
Olallie,  boating (non-motorized only)
Olallie,  hiking
Olallie, virtual tour
Olmstead_Place, bird watching
Olmstead_Place,  fishing or shellfish
Olmstead_Place,  interpretative center/museum
Olmstead_Place,  hiking
Olmstead_Place, virtual tour
Osoyoos_Lake, camping
Pacific_Beach, camping
Pacific_Beach,  beach exploration
Pacific_Beach,  bird watching
Pacific_Beach,  fishing or shellfish
Pacific_Beach,  hiking
Pacific_Beach, virtual tour
Pacific_Pines, beach exploration
Pacific_Pines,  bird watching
Pacific_Pines,  fishing or shellfish
Palouse_Falls, camping
Palouse_Falls,  bird watching
Palouse_Falls,  fishing or shellfish
Palouse_Falls,  hiking
Palouse_Falls, virtual tour
Paradise_Point, camping
Paradise_Point,  bird watching
Paradise_Point,  boating (non-motorized only)
Paradise_Point,  fishing or shellfish
Paradise_Point,  swimming
Paradise_Point,  hiking
Patos_Island, camping
Patos_Island,  beach exploration
Patos_Island,  bird watching
Patos_Island,  boating
Patos_Island,   fishing or shellfish
Patos_Island,  scuba diving
Patos_Island,  swimming
Patos_Island,  water-skiing
Patos_Island,  hiking
Peace_Arch, playground equipment
Peace_Arch,  hiking
Pearrygin_Lake, camping
Pearrygin_Lake,  bird watching
Pearrygin_Lake,  boating
Pearrygin_Lake,  fishing or shellfish
Pearrygin_Lake,  swimming
Pearrygin_Lake,  water-skiing
Pearrygin_Lake,  hiking
Pearrygin_Lake,  cross-country skiing
Pearrygin_Lake,  snowmobiling
Penrose_Point, camping
Penrose_Point,  beach exploration
Penrose_Point,  bird watching
Penrose_Point,  boating
Penrose_Point,  fishing or shellfish
Penrose_Point,  scuba diving
Penrose_Point,  swimming
Penrose_Point,  water-skiing
Penrose_Point,  hiking
Penrose_Point,  mountain biking
Peshastin_Pinnacles, bird watching
Peshastin_Pinnacles,  hiking
Pleasant_Harbor, bird watching
Pleasant_Harbor,  boating
Pleasant_Harbor,  scuba diving
Pleasant_Harbor,  swimming
Pleasant_Harbor,  water-skiing
Posey_Island, camping
Posey_Island,  beach exploration
Posey_Island,  bird watching
Posey_Island,  boating
Posey_Island,   fishing or shellfish
Posey_Island,  scuba diving
Posey_Island,  swimming
Posey_Island,  water-skiing
Potlatch, camping
Potlatch,  bird watching
Potlatch,  boating
Potlatch,  fishing or shellfish
Potlatch,   scuba diving
Potlatch,  swimming
Potlatch,  hiking
Potlatch, virtual tour
Rainbow_Falls, camping
Rainbow_Falls,  bird watching
Rainbow_Falls,  boating (non-motorized only)
Rainbow_Falls,  fishing or shellfish
Rainbow_Falls,  swimming
Rainbow_Falls,  playground equipment
Rainbow_Falls,  hiking
Rainbow_Falls,  mountain biking
Rainbow_Falls,  equestrian
Rasar, camping
Rasar,  beach exploration
Rasar,  bird watching
Rasar,  ball fields
Rasar,  fishing or shellfish
Rasar,  interpretative center/museum
Rasar,   playground equipment
Rasar,  hiking
Rasar,  mountain biking
Reed_Island, camping
Reed_Island,  beach exploration
Reed_Island,  bird watching
Reed_Island,  boating
Reed_Island,  fishing or shellfish
Reed_Island,  swimming
Reed_Island,  water-skiing
Reed_Island,  hiking
Riverside, camping
Riverside,  bird watching
Riverside,  boating (non-motorized only)
Riverside,  fishing or shellfish
Riverside,  interpretative center/museum
Riverside,   playground equipment
Riverside,  hiking
Riverside,  mountain biking
Riverside,  equestrian
Riverside,  cross-country skiing
Riverside,  snowmobiling
Riverside,  ORV 
Riverside, virtual tour
Rockport, hiking
Sacajawea, beach exploration
Sacajawea,  ball fields
Sacajawea,  boating (non-motorized only)
Sacajawea,  fishing or shellfish
Sacajawea,  scuba diving
Sacajawea,  swimming
Sacajawea,  playground equipment
Sacajawea,  hiking
Saint_Edward, beach exploration
Saint_Edward,  bird watching
Saint_Edward,  ball fields
Saint_Edward,  fishing or shellfish
Saint_Edward,  interpretative center/museum
Saint_Edward,  scuba diving
Saint_Edward,  swimming
Saint_Edward,  water-skiing
Saint_Edward,  hiking
Saint_Edward,  mountain biking
Saint_Edward, virtual tour
Saltwater, camping
Saltwater,  beach exploration
Saltwater,  bird watching
Saltwater,  boating (non-motorized only)
Saltwater,  fishing or shellfish
Saltwater,  scuba diving
Saltwater,  swimming
Saltwater,  playground equipment
Saltwater,  hiking
Saltwater, virtual tour
Scenic_Beach, camping
Scenic_Beach,  beach exploration
Scenic_Beach,  bird watching
Scenic_Beach,  fishing or shellfish
Scenic_Beach,  scuba diving
Scenic_Beach,  swimming
Scenic_Beach,  playground equipment
Scenic_Beach,  hiking
Schafer, camping
Schafer,  beach exploration
Schafer,  boating (non-motorized only)
Schafer,  fishing or shellfish
Schafer,  scuba diving
Schafer,  hiking
Seaquest, camping
Seaquest,  bird watching
Seaquest,  interpretative center/museum
Seaquest,  playground equipment
Seaquest,  hiking
Seaquest, virtual tour
Sequim_Bay, camping
Sequim_Bay,  beach exploration
Sequim_Bay,  bird watching
Sequim_Bay,  ball fields
Sequim_Bay,  boating
Sequim_Bay,  fishing or shellfish
Sequim_Bay,  scuba diving
Sequim_Bay,  swimming
Sequim_Bay,  water-skiing
Sequim_Bay,  playground equipment
Sequim_Bay,  hiking
Shine_Tidelands, beach exploration
Shine_Tidelands,  bird watching
Shine_Tidelands,  boating (non-motorized only)
Shine_Tidelands,  fishing or shellfish
Shine_Tidelands,  scuba diving
Shine_Tidelands,  swimming
Shine_Tidelands, virtual tour
Skagit_Island, camping
Skagit_Island,  beach exploration
Skagit_Island,  bird watching
Skagit_Island,  boating
Skagit_Island,  fishing or shellfish
Skagit_Island,  scuba diving
Skagit_Island,  swimming
Skagit_Island,  water-skiing
Skagit_Island,  hiking
South_Whidbey, camping
South_Whidbey,  beach exploration
South_Whidbey,  bird watching
South_Whidbey,  fishing or shellfish
South_Whidbey,  swimming
South_Whidbey,  hiking
Spencer_Spit, camping
Spencer_Spit,  beach exploration
Spencer_Spit,  bird watching
Spencer_Spit,  boating
Spencer_Spit,  fishing or shellfish
Spencer_Spit,  scuba diving
Spencer_Spit,  swimming
Spencer_Spit,  playground equipment
Spencer_Spit,  hiking
Spring_Creek_Hatchery, bird watching
Spring_Creek_Hatchery,  boating
Spring_Creek_Hatchery,  fishing or shellfish
Spring_Creek_Hatchery,  interpretative center/museum 
Squak_Mountain, bird watching
Squak_Mountain,  hiking
Squak_Mountain,  equestrian
Squilchuck, camping
Squilchuck,  beach exploration
Squilchuck,  hiking
Squilchuck,  mountain biking
Squilchuck,  cross-country skiing
Steamboat_Rock, camping
Steamboat_Rock,  bird watching
Steamboat_Rock,  boating
Steamboat_Rock,  fishing or shellfish
Steamboat_Rock,  scuba diving
Steamboat_Rock,  swimming
Steamboat_Rock,  water-skiing
Steamboat_Rock,  playground equipment
Steamboat_Rock,  hiking
Steamboat_Rock,  mountain biking
Steamboat_Rock,  equestrian
Steamboat_Rock,  cross-country skiing
Steptoe_Battlefield, virtual tour
Stuart_Island, camping
Stuart_Island,  beach exploration
Stuart_Island,  bird watching
Stuart_Island,  boating
Stuart_Island,  fishing or shellfish
Stuart_Island,  scuba diving
Stuart_Island,  swimming
Stuart_Island,  hiking
Sucia_Island, camping
Sucia_Island,  beach exploration
Sucia_Island,  bird watching
Sucia_Island,  boating
Sucia_Island,   fishing or shellfish
Sucia_Island,  scuba diving
Sucia_Island,  hiking
Sun_Lakes, camping
Sun_Lakes,  bird watching
Sun_Lakes,  boating
Sun_Lakes,  fishing or shellfish
Sun_Lakes,  interpretative center/museum
Sun_Lakes,  scuba diving
Sun_Lakes,  swimming
Sun_Lakes,  water-skiing
Sun_Lakes,  playground equipment
Sun_Lakes,  hiking
Sun_Lakes,  mountain biking
Sun_Lakes,  cross-country skiing
Sun_Lakes, virtual tour
Tolmie, beach exploration
Tolmie,  bird watching
Tolmie,  boating
Tolmie,  fishing or shellfish
Tolmie,  scuba diving
Tolmie,  swimming
Tolmie,   hiking
Tolmie, virtual tour
Triton_Cove, bird watching
Triton_Cove,  boating (non-motorized only)
Triton_Cove,  fishing or shellfish
Turn_Island, camping
Turn_Island,  beach exploration
Turn_Island,  bird watching
Turn_Island,  boating
Turn_Island,  fishing or shellfish
Turn_Island,  scuba diving
Turn_Island,  swimming
Turn_Island,  water-skiing
Turn_Island,  playground equipment
Turn_Island,  hiking
Twanoh, camping
Twanoh,  beach exploration
Twanoh,  bird watching
Twanoh,  ball fields
Twanoh,  boating
Twanoh,  fishing or shellfish
Twanoh,  scuba diving
Twanoh,  swimming
Twanoh,  water-skiing
Twanoh,  hiking
Twenty-Five_Mile_Creek, camping
Twenty-Five_Mile_Creek,  bird watching
Twenty-Five_Mile_Creek,  boating
Twenty-Five_Mile_Creek,  fishing or shellfish
Twenty-Five_Mile_Creek,  swimming
Twenty-Five_Mile_Creek,  water-skiing
Twenty-Five_Mile_Creek,  hiking
Twin_Harbors, camping
Twin_Harbors,  beach exploration
Twin_Harbors,  bird watching
Twin_Harbors,  fishing or shellfish
Twin_Harbors,  hiking
Twin_Harbors,  equestrian
Upright_Channel, beach exploration
Upright_Channel,  bird watching
Upright_Channel,  boating
Upright_Channel,  fishing or shellfish
Wallace_Falls, camping
Wallace_Falls,  bird watching
Wallace_Falls,  fishing or shellfish
Wallace_Falls,  hiking
Wallace_Falls,  mountain biking
Wanapum, camping
Wanapum,  beach exploration
Wanapum,  bird watching
Wanapum,  boating
Wanapum,  fishing or shellfish
Wanapum,  interpretative center/museum
Wanapum,  scuba diving
Wanapum,  swimming
Wanapum,  water-skiing
Wanapum,  hiking
Wenatchee_Confluence, camping
Wenatchee_Confluence,  bird watching
Wenatchee_Confluence,  ball fields
Wenatchee_Confluence,  boating
Wenatchee_Confluence,  fishing or shellfish
Wenatchee_Confluence,  swimming
Wenatchee_Confluence,  water-skiing
Wenatchee_Confluence,  playground equipment
Westport_Light, beach exploration
Westport_Light,  bird watching
Westport_Light,  fishing or shellfish
Westport_Light,  interpretative center/museum
Westport_Light,  hiking
Yakima_Sportsman, camping
Yakima_Sportsman,  bird watching
Yakima_Sportsman,  ball fields
Yakima_Sportsman,  fishing or shellfish
Yakima_Sportsman,  playground equipment
Yakima_Sportsman,  hiking
Steptoe_Butte, bird watching
Steptoe_Butte, virtual tour
Westhaven, beach exploration
Westhaven,  bird watching
Westhaven,  boating (non-motorized only)
Westhaven,  fishing or shellfish
Westhaven,  scuba diving
Westhaven,  swimming
Westhaven,  hiking
Potholes, camping
Potholes,  boating
Potholes,  bird watching
Potholes,  fishing
Potholes,  swimming
Potholes,  water-skiing
